{"cameraMode":{"drawMode":0,"name":"Shaded","section":"Shading Mode"},"sceneLighting":false,"audioPlay":false,"sceneViewState":{"m_AlwaysRefresh":false,"showFog":true,"showSkybox":false,"showFlares":true,"showImageEffects":true,"showParticleSystems":true,"showVisualEffectGraphs":true,"m_FxEnabled":true},"in2DMode":false,"pivot":{"x":-0.46000003814697268,"y":0.4499998092651367,"z":-2.8999998569488527},"rotation":{"x":-0.24797652661800385,"y":-0.040401726961135867,"z":0.01035391166806221,"w":-0.9678868055343628},"size":12.12435531616211,"orthographic":false}